{
  "Energy": 51.076399185712965,
  "Industrial": 7.494002465155968,
  "Agriculture": 8.571292813269176,
  "Waste": 24.99895014131603,
  "Bunker Fuels": 28.09099691318977,
  "Land-Use": 26.849457356826694
}
